記錄,記錄時間
,"2025-03-03 20:17:45"
,"2025-03-03 20:17:46"
"思考2,發問2","2025-03-03 20:17:55"
,"2025-03-03 20:17:56"
"發問1,思考2","2025-03-03 20:18:05"
,"2025-03-03 20:18:05"
,"2025-03-03 20:18:15"
,"2025-03-03 20:18:15"
,"2025-03-03 20:18:25"
,"2025-03-03 20:18:25"
,"2025-03-03 20:18:35"
,"2025-03-03 20:18:35"
,"2025-03-03 20:18:45"
"發問1,思考2,發問2","2025-03-03 20:47:27"
"思考1,發問2","2025-03-03 20:47:58"
"思考2,發問2","2025-03-03 20:48:57"
"思考1,發問2","2025-03-03 20:49:27"
"發問1,發問2","2025-03-03 20:49:57"
,"2025-03-03 21:04:04"
"思考2,發問2,發問1","2025-03-03 21:28:04"
"思考1,發問1","2025-03-03 21:28:34"
"思考2,發問2","2025-03-03 21:29:04"
